{
  "root": {
    "id": "root",
    "childrenIds": ["base"]
  },
  "base": {
    "id": "base",
    "parentId": "root",
    "nlsResourceId": "title",
    "title": "rf IDEAS Configuration Utility",
    "childrenIds": ["sessions"]
  },
  "sessions": {
    "id": "sessions",
    "parentId": "base",
    "nlsResourceId": "sessions.label",
    "title": "Session",
    "instancePage": true,
    "fixInstanceId": 0,
    "elements": {
      "0": {
        "type": "sessionPage",
        "paramId": "app.rfideasconfigutil.sessions.rfideasconfigutil",
        "instancePageId": "sessions.genericInstancePage"
      }
    }
  }
}
