{
  "root": {
    "id": "root",
    "childrenIds": ["base"]
  },
  "base": {
    "id": "base",
    "parentId": "root",
    "nlsResourceId": "title",
    "title": "Libreoffice",
    "childrenIds": ["settings", "session", "writer-session"]
  },
  "session": {
    "id": "session",
    "parentId": "base",
    "nlsResourceId": "session.label",
    "title": "Libreoffice Session",
    "instancePage": true,
    "fixInstanceId": 0,
    "elements": {
      "0": {
        "type": "sessionPage",
        "paramId": "app.libreoffice.sessions.libreoffice",
        "instancePageId": "sessions.genericInstancePage"
      }
    }
  },
  "writer-session": {
    "id": "writer-session",
    "parentId": "base",
    "nlsResourceId": "session.label",
    "title": "Libreoffice Writer Session",
    "instancePage": true,
    "fixInstanceId": 0,
    "elements": {
      "0": {
        "type": "sessionPage",
        "paramId": "app.libreoffice.sessions.libreoffice-writer",
        "instancePageId": "sessions.genericInstancePage"
      }
    }
  },
  "calc-session": {
    "id": "calc-session",
    "parentId": "base",
    "nlsResourceId": "session.label",
    "title": "Libreoffice Calc Session",
    "instancePage": true,
    "fixInstanceId": 0,
    "elements": {
      "0": {
        "type": "sessionPage",
        "paramId": "app.libreoffice.sessions.libreoffice-calc",
        "instancePageId": "sessions.genericInstancePage"
      }
    }
  }
}
